Region name ,Local Authority Code,Local authority name,cx,cy,Year,Median House Price,Median House Earnings,Affordability Ratio
North East,E06000001,Hartlepool,-1.255491673,54.6687524,2011,105000,24286,4.32
North East,E06000002,Middlesbrough,-1.222803326,54.54263426,2011,102500,20572,4.98
North East,E06000003,Redcar and Cleveland,-1.0215477,54.55345675,2011,112000,23607,4.74
North East,E06000004,Stockton-on-Tees,-1.32897817,54.56246316,2011,125000,25240,4.95
North East,E06000005,Darlington,-1.552697772,54.54875917,2011,120000,23261,5.16
North East,E06000047,County Durham,-2.720016309,53.34379321,2011,100000,22817,4.38
North East,E06000057,Northumberland,-2.562849436,53.39848758,2011,137525,25064,5.49
North East,E08000021,Newcastle upon Tyne,-2.467125659,53.69224143,2011,135000,22030,6.13
North East,E08000022,North Tyneside,-3.035480896,53.81754916,2011,132667,24017,5.52
North East,E08000023,South Tyneside,-0.336393722,53.76014155,2011,107000,22760,4.7
North East,E08000024,Sunderland,-0.482243608,53.86796645,2011,106000,22321,4.75
North East,E08000037,Gateshead,-0.133932131,53.54403874,2011,117500,23000,5.11
North West,E06000006,Halton,-0.592051957,53.59430536,2011,113000,22781,4.96
North West,E06000007,Warrington,-1.060622908,53.95864242,2011,148998,26159,5.7
North West,E06000008,Blackburn with Darwen,-1.468345352,52.91277199,2011,92500,20974,4.41
North West,E06000009,Blackpool,-1.127552546,52.63828214,2011,99000,19254,5.14
North West,E06000049,Cheshire East,-0.654131628,52.66070059,2011,170000,26441,6.43
North West,E06000050,Cheshire West and Chester,-1.175936864,52.96117684,2011,156000,26114,5.97
North West,E07000026,Allerdale,-2.745674847,52.10375789,2011,133000,22999,5.78
North West,E07000027,Barrow-in-Furness,-2.488480286,52.73019552,2011,97485,25402,3.84
North West,E07000028,Carlisle,-2.165178307,53.01764815,2011,120000,21997,5.46
North West,E07000029,Copeland,-2.474413176,51.35610688,2011,115000,32026,3.59
North West,E07000030,Eden,-2.77019708,51.45262518,2011,175000,21571,8.11
North West,E07000031,South Lakeland,-2.799962352,51.38924102,2011,196750,23798,8.27
North West,E07000117,Burnley,-2.471175154,51.54735612,2011,75000,21484,3.49
North West,E07000118,Chorley,-4.120169786,50.39116289,2011,149000,24591,6.06
North West,E07000119,Fylde,-3.530450608,50.44080631,2011,162000,29654,5.46
North West,E07000120,Hyndburn,-1.744335675,51.57133752,2011,85000,22767,3.73
North West,E07000121,Lancaster,-0.253777754,52.60847253,2011,125000,26165,4.78
North West,E07000122,Pendle,-0.424494227,51.89426164,2011,85000,22544,3.77
North West,E07000123,Preston,0.728995239,51.53762932,2011,114250,22309,5.12
North West,E07000124,Ribble Valley,0.374103739,51.50602384,2011,185750,26240,7.08
North West,E07000125,Rossendale,0.570017714,51.42566667,2011,110000,24428,4.5
North West,E07000126,South Ribble,-0.739927541,51.40780192,2011,140000,24877,5.63
North West,E07000127,West Lancashire,-1.304854635,51.44968897,2011,150000,25446,5.89
North West,E07000128,Wyre,-0.984755179,51.4532474,2011,135000,22846,5.91
North West,E08000001,Bolton,-0.586813114,51.50816196,2011,107000,22881,4.68
North West,E08000002,Bury,-0.698992594,51.48508413,2011,120000,25996,4.62
North West,E08000003,Manchester,-0.884141546,51.42928171,2011,127500,22554,5.65
North West,E08000004,Oldham,-0.733464556,52.08427496,2011,104973,22120,4.75
North West,E08000005,Rochdale,-0.132123613,50.84329958,2011,105000,23349,4.5
North West,E08000006,Salford,-1.078468108,50.82068758,2011,110000,22639,4.86
North West,E08000007,Stockport,-1.398613707,50.91698354,2011,160000,25933,6.17
North West,E08000008,Tameside,-1.296861898,50.67568106,2011,108000,21489,5.03
North West,E08000009,Trafford,-1.839064804,54.69541122,2011,186000,28586,6.51
North West,E08000010,Wigan,-2.349049597,53.18059798,2011,110000,24038,4.58
North West,E08000011,Knowsley,-2.736159909,53.20014942,2011,106950,23621,4.53
North West,E08000012,Liverpool,-2.734085762,52.63579668,2011,110000,23704,4.64
North West,E08000013,St. Helens,-4.825169974,50.40558138,2011,110000,25544,4.31
North West,E08000014,Sefton,-6.298785649,49.92068351,2011,141000,23760,5.93
North West,E08000015,Wirral,-1.945053494,51.2973379,2011,135000,25578,5.28
Yorkshire and The Humber,E06000010,"Kingston upon Hull, City of",-0.476597843,52.18934847,2011,88500,21171,4.18
Yorkshire and The Humber,E06000011,East Riding of Yorkshire,-0.436279775,52.00665229,2011,139950,26706,5.24
Yorkshire and The Humber,E06000012,North East Lincolnshire,-2.065310563,55.24272759,2011,110000,23213,4.74
Yorkshire and The Humber,E06000013,North Lincolnshire,-1.882878934,50.74671957,2011,115000,26255,4.38
Yorkshire and The Humber,E06000014,York,-2.333598515,50.80597544,2011,175000,25437,6.88
Yorkshire and The Humber,E07000163,Craven,-0.812083184,51.78521255,2011,175375,23881,7.34
Yorkshire and The Humber,E07000164,Hambleton,-0.626317019,52.42512438,2011,200000,24514,8.16
Yorkshire and The Humber,E07000165,Harrogate,-1.036377869,52.22299295,2011,215000,26008,8.27
Yorkshire and The Humber,E07000166,Richmondshire,0.131519818,52.19878641,2011,193500,24982,7.75
Yorkshire and The Humber,E07000167,Ryedale,0.295246863,52.34288539,2011,185000,19958,9.27
Yorkshire and The Humber,E07000168,Scarborough,0.061111401,52.56272235,2011,145000,23268,6.23
Yorkshire and The Humber,E07000169,Selby,-0.220643903,52.37391109,2011,158000,27123,5.83
Yorkshire and The Humber,E08000016,Barnsley,0.083682833,52.17420306,2011,102000,23856,4.28
Yorkshire and The Humber,E08000017,Doncaster,-3.246882232,54.71139034,2011,110000,23706,4.64
Yorkshire and The Humber,E08000018,Rotherham,-3.21295987,54.12567821,2011,115000,23783,4.84
Yorkshire and The Humber,E08000019,Sheffield,-2.808328857,54.97104294,2011,124950,24227,5.16
Yorkshire and The Humber,E08000032,Bradford,-3.374034442,54.41419188,2011,120000,21675,5.54
Yorkshire and The Humber,E08000033,Calderdale,-2.621887446,54.61288528,2011,120000,24327,4.93
Yorkshire and The Humber,E08000034,Kirklees,-2.850761571,54.29246643,2011,124950,24719,5.05
Yorkshire and The Humber,E08000035,Leeds,-1.466961273,53.02952476,2011,142000,24559,5.78
Yorkshire and The Humber,E08000036,Wakefield,-1.277171438,53.21522248,2011,120000,22014,5.45
East Midlands,E06000015,Derby,-1.401065008,53.25538362,2011,119950,26274,4.57
East Midlands,E06000016,Leicester,-1.694306732,53.12866005,2011,121500,21323,5.7
East Midlands,E06000017,Rutland,-1.347167505,52.93521496,2011,205000,25925,7.91
East Midlands,E06000018,Nottingham,-1.873781106,53.37334676,2011,98000,23000,4.26
East Midlands,E07000032,Amber Valley,-1.447689952,53.22607587,2011,130000,24719,5.26
East Midlands,E07000033,Bolsover,-1.559800243,52.83078401,2011,95000,21716,4.37
East Midlands,E07000034,Chesterfield,-3.223581574,50.76412007,2011,118925,24226,4.91
East Midlands,E07000035,Derbyshire Dales,-3.510156903,50.72184259,2011,205000,28501,7.19
East Midlands,E07000036,Erewash,-3.556215665,50.87581723,2011,119000,24368,4.88
East Midlands,E07000037,High Peak,-3.914595449,51.06972399,2011,145000,25949,5.59
East Midlands,E07000038,North East Derbyshire,-3.823395708,50.37345689,2011,145000,25725,5.64
East Midlands,E07000039,South Derbyshire,-3.656907725,50.6063386,2011,142500,24722,5.76
East Midlands,E07000129,Blaby,-4.248486013,50.88591211,2011,155000,27190,5.7
East Midlands,E07000130,Charnwood,-4.045973588,50.65587486,2011,154625,25404,6.09
East Midlands,E07000131,Harborough,0.26546236,50.77531616,2011,185000,29942,6.18
East Midlands,E07000132,Hinckley and Bosworth,0.570346392,50.8694871,2011,149248,25634,5.82
East Midlands,E07000133,Melton,0.005264897,50.88150528,2011,157000,23530,6.67
East Midlands,E07000134,North West Leicestershire,0.538581664,50.95178525,2011,145000,24758,5.86
East Midlands,E07000135,Oadby and Wigston,0.197874462,50.96758569,2011,150000,26598,5.64
East Midlands,E07000136,Boston,0.465679283,51.59033466,2011,120000,20444,5.87
East Midlands,E07000137,East Lindsey,0.590114655,51.942004,2011,134000,22227,6.03
East Midlands,E07000138,Lincoln,0.310749909,51.63854708,2011,119998,22919,5.24
East Midlands,E07000139,North Kesteven,0.593693535,51.53628576,2011,143000,21862,6.54
East Midlands,E07000140,South Holland,0.480997185,51.72544859,2011,133000,23384,5.69
East Midlands,E07000141,South Kesteven,0.86138368,51.87261073,2011,153000,26251,5.83
East Midlands,E07000142,West Lindsey,0.14822602,51.70876461,2011,140000,24385,5.74
East Midlands,E06000061,North Northamptonshire,0.108905467,51.76897982,2011,135000,24936,5.41
East Midlands,E06000062,West Northamptonshire,0.783836065,51.70919684,2011,160000,26419,6.06
East Midlands,E07000170,Ashfield,0.810140477,51.59115862,2011,110995,21020,5.28
East Midlands,E07000171,Bassetlaw,1.115496807,51.87126931,2011,125000,23720,5.27
East Midlands,E07000172,Broxtowe,0.279512164,51.93486071,2011,132000,24880,5.31
East Midlands,E07000173,Gedling,-2.072887206,51.89628748,2011,132000,25034,5.27
East Midlands,E07000174,Mansfield,-1.892465444,51.81643589,2011,108800,20519,5.3
East Midlands,E07000175,Newark and Sherwood,-2.489829872,51.82865316,2011,135000,22259,6.06
East Midlands,E07000176,Rushcliffe,-2.240448274,51.84987819,2011,192500,32558,5.91
West Midlands,E06000019,"Herefordshire, County of",-2.300134096,51.72963652,2011,180000,20561,8.75
West Midlands,E06000020,Telford and Wrekin,-2.088020906,51.94558768,2011,138000,22802,6.05
West Midlands,E06000021,Stoke-on-Trent,-1.201244159,51.27348604,2011,85000,21223,4.01
West Midlands,E06000051,Shropshire,-0.95483852,51.0744378,2011,170000,25078,6.78
West Midlands,E07000192,Cannock Chase,-1.327904779,50.93309664,2011,125000,23926,5.22
West Midlands,E07000193,East Staffordshire,-1.226221305,50.8524203,2011,135000,23967,5.63
West Midlands,E07000194,Lichfield,-1.158812768,50.80548305,2011,178000,27653,6.44
West Midlands,E07000195,Newcastle-under-Lyme,-0.897883065,51.28474992,2011,120000,22394,5.36
West Midlands,E07000196,South Staffordshire,-0.989837407,50.83874512,2011,170250,26304,6.47
West Midlands,E07000197,Stafford,-1.625525482,50.85859358,2011,160000,25856,6.19
West Midlands,E07000198,Staffordshire Moorlands,-0.767550882,51.27424876,2011,136000,24917,5.46
West Midlands,E07000199,Tamworth,-1.511029682,51.1284833,2011,135000,25556,5.28
West Midlands,E07000218,North Warwickshire,-1.221369927,51.02823248,2011,142500,26548,5.37
West Midlands,E07000219,Nuneaton and Bedworth,-0.048278215,51.72431754,2011,125000,25150,4.97
West Midlands,E07000220,Rugby,-0.540983785,51.77833683,2011,154000,26937,5.72
West Midlands,E07000221,Stratford-on-Avon,-0.280656855,51.67740519,2011,233500,27935,8.36
West Midlands,E07000222,Warwick,-0.192412242,51.95931788,2011,205000,28619,7.16
West Midlands,E07000234,Bromsgrove,-0.460778533,51.66126119,2011,203950,29633,6.88
West Midlands,E07000235,Malvern Hills,-0.402759346,51.66808894,2011,210000,23339,9
West Midlands,E07000236,Redditch,0.81191686,51.12520995,2011,142750,22164,6.44
West Midlands,E07000237,Worcester,1.101422554,51.28328431,2011,157500,26034,6.05
West Midlands,E07000238,Wychavon,0.2540746,51.43142598,2011,200000,26595,7.52
West Midlands,E07000239,Wyre Forest,1.289170214,51.21240819,2011,146250,20442,7.15
West Midlands,E08000025,Birmingham,0.396045524,51.40558903,2011,128500,24042,5.34
West Midlands,E08000026,Coventry,0.580573702,51.23479262,2011,122748,24986,4.91
West Midlands,E08000027,Dudley,0.171701145,51.27599765,2011,129000,23196,5.56
West Midlands,E08000028,Sandwell,0.995724342,51.054408,2011,110000,21882,5.03
West Midlands,E08000029,Solihull,0.812481002,51.34171891,2011,203875,28815,7.08
West Midlands,E08000030,Walsall,1.340396403,51.35426394,2011,125000,21652,5.77
West Midlands,E08000031,Wolverhampton,0.357090525,51.27296673,2011,114475,21553,5.31
East of England,E06000031,Peterborough,0.430918392,51.11408369,2011,131500,23788,5.53
East of England,E06000032,Luton,-2.221402157,53.77886155,2011,150000,24675,6.08
East of England,E06000033,Southend-on-Sea,-2.648161855,53.66120381,2011,180000,27487,6.55
East of England,E06000034,Thurrock,-2.922332455,53.784236,2011,172000,27383,6.28
East of England,E06000055,Bedford,-2.389563336,53.75887795,2011,184625,26714,6.91
East of England,E06000056,Central Bedfordshire,-2.714570992,54.06913539,2011,190000,28243,6.73
East of England,E07000008,Cambridge,-2.185645787,53.86547477,2011,255750,29434,8.69
East of England,E07000009,East Cambridgeshire,-2.697257226,53.81153827,2011,184950,28715,6.44
East of England,E07000010,Fenland,-2.445112004,53.90724193,2011,132000,23874,5.53
East of England,E07000011,Huntingdonshire,-2.266892572,53.69404607,2011,175000,29084,6.02
East of England,E07000012,South Cambridgeshire,-2.710691477,53.72807753,2011,237750,31353,7.58
East of England,E07000066,Basildon,-2.882483652,53.6095753,2011,180000,28395,6.34
East of England,E07000067,Braintree,-2.853666495,53.90293103,2011,184150,28114,6.55
East of England,E07000068,Brentwood,-1.221576853,52.57168276,2011,252950,37737,6.7
East of England,E07000069,Castle Point,-1.14633676,52.73704582,2011,191750,25636,7.48
East of England,E07000070,Chelmsford,-1.007699842,52.53951562,2011,219995,31198,7.05
East of England,E07000071,Colchester,-1.390600303,52.61663473,2011,175000,27089,6.46
East of England,E07000072,Epping Forest,-0.855997158,52.79672433,2011,280000,30677,9.13
East of England,E07000073,Harlow,-1.405140341,52.753195,2011,170000,24453,6.95
East of England,E07000074,Maldon,-1.093311627,52.58698967,2011,215000,33128,6.49
East of England,E07000075,Rochford,-0.0217859,52.97429147,2011,210000,29793,7.05
East of England,E07000076,Tendring,0.029920432,53.24995025,2011,153000,24575,6.23
East of England,E07000077,Uttlesford,-0.554931188,53.22472406,2011,278500,31159,8.94
East of England,E07000095,Broxbourne,-0.445942716,53.08121531,2011,224500,28861,7.78
East of England,E07000096,Dacorum,-0.031965865,52.79785002,2011,240000,30751,7.8
East of England,E07000098,Hertsmere,-0.51836719,52.8547449,2011,285500,28743,9.93
East of England,E07000099,North Hertfordshire,-0.477428025,53.39286308,2011,227500,32696,6.96
East of England,E07000102,Three Rivers,0.836890107,52.58811364,2011,299975,34141,8.79
East of England,E07000103,Watford,1.309592347,52.70135623,2011,214975,31700,6.78
East of England,E07000143,Breckland,1.661431393,52.64083725,2011,152000,22179,6.85
East of England,E07000144,Broadland,0.47064174,52.7271544,2011,167500,26445,6.33
East of England,E07000145,Great Yarmouth,1.169508909,52.85044968,2011,129950,22098,5.88
East of England,E07000146,King's Lynn and West Norfolk,1.279418606,52.6322924,2011,151250,23446,6.45
East of England,E07000147,North Norfolk,1.275850453,52.51448675,2011,173500,22256,7.8
East of England,E07000148,Norwich,-2.174315011,54.07988758,2011,139950,23667,5.91
East of England,E07000149,South Norfolk,-1.319320546,54.28734471,2011,175475,26768,6.56
East of England,E07000200,Babergh,-1.595746175,54.06710448,2011,190000,28547,6.66
East of England,E07000202,Ipswich,-1.934005521,54.36151461,2011,131250,23198,5.66
East of England,E07000203,Mid Suffolk,-0.85166028,54.21044451,2011,180000,25123,7.16
East of England,E07000240,St Albans,-0.635270931,54.36642403,2011,350000,37412,9.36
East of England,E07000241,Welwyn Hatfield,-1.135296661,53.7874786,2011,240000,30297,7.92
East of England,E07000242,East Hertfordshire,-1.258340202,53.09175983,2011,250000,31419,7.96
East of England,E07000243,Stevenage,-0.958783563,53.33290258,2011,167500,28854,5.81
East of England,E07000244,East Suffolk,-1.26201293,52.97566594,2011,172375,25752,6.69
East of England,E07000245,West Suffolk,-1.11934704,53.02855422,2011,170000,25024,6.79
London,E09000001,City of London,-1.173739703,53.17095784,2011,455000,52537,8.66
London,E09000002,Barking and Dagenham,-0.91989131,53.12402029,2011,170000,25915,6.56
London,E09000003,Barnet,-1.037443181,52.90065362,2011,327000,32490,10.06
London,E09000004,Bexley,-1.27610071,51.95856152,2011,217000,32041,6.77
London,E09000005,Brent,-1.241704101,51.75474979,2011,300000,26808,11.19
London,E09000006,Bromley,-1.071041234,51.63382565,2011,275000,34111,8.06
London,E09000007,Camden,-1.440861855,51.63425356,2011,490000,35110,13.96
London,E09000008,Croydon,-1.506881793,51.83767299,2011,219998,30268,7.27
London,E09000009,Ealing,-2.544350678,51.20284921,2011,286000,30366,9.42
London,E09000010,Enfield,-2.953262913,51.18488562,2011,240000,29041,8.26
London,E09000011,Greenwich,-2.709901213,50.98792153,2011,249999,30603,8.17
London,E09000012,Hackney,-1.980491882,52.71241859,2011,295000,32034,9.21
London,E09000013,Hammersmith and Fulham,-1.81201615,52.86308344,2011,460000,35087,13.11
London,E09000014,Haringey,-1.804757128,52.68787378,2011,303000,30407,9.96
London,E09000015,Harrow,-2.317909601,52.99374399,2011,295000,31006,9.51
London,E09000016,Havering,-2.176525036,52.62500287,2011,219995,30193,7.29
London,E09000017,Hillingdon,-2.176191074,52.84820474,2011,250000,30734,8.13
London,E09000018,Hounslow,-1.981587362,53.07915595,2011,250000,29236,8.55
London,E09000019,Islington,-1.676701947,52.6262752,2011,405000,36241,11.18
London,E09000020,Kensington and Chelsea,0.914959047,52.05074378,2011,782580,47492,16.48
London,E09000021,Kingston upon Thames,1.159292255,52.05520695,2011,300000,34898,8.6
London,E09000022,Lambeth,1.092631373,52.24679544,2011,305000,34079,8.95
London,E09000023,Lewisham,-0.39198564,51.35716789,2011,237000,29332,8.08
London,E09000024,Merton,-0.261601077,51.33938795,2011,295000,33037,8.93
London,E09000025,Newham,-0.562222705,51.24797863,2011,215000,26489,8.12
London,E09000026,Redbridge,-0.32564805,51.2121891,2011,250000,32202,7.76
London,E09000027,Richmond upon Thames,-0.19181452,51.25334988,2011,420000,41136,10.21
London,E09000028,Southwark,-0.540821274,51.393303,2011,323000,33340,9.69
London,E09000029,Sutton,-0.467453203,51.42443395,2011,235000,29363,8
London,E09000030,Tower Hamlets,-0.671211347,51.3433395,2011,300000,33805,8.87
London,E09000031,Waltham Forest,-0.043495129,51.22696644,2011,230000,27017,8.51
London,E09000032,Wandsworth,-0.633469278,51.15013356,2011,389500,36606,10.64
London,E09000033,Westminster,-0.560499564,51.31452608,2011,610000,41815,14.59
South East,E06000035,Medway,-1.627622745,52.54712328,2011,150000,28155,5.33
South East,E06000036,Bracknell Forest,-1.475538461,52.50109525,2011,220750,30033,7.35
South East,E06000037,West Berkshire,-1.32820046,52.38445519,2011,247200,30000,8.24
South East,E06000038,Reading,-1.622627172,52.17861308,2011,190000,28354,6.7
South East,E06000039,Slough,-1.58320889,52.31016755,2011,190000,26780,7.09
South East,E06000040,Windsor and Maidenhead,-0.298974066,50.8437563,2011,327250,37451,8.74
South East,E06000041,Wokingham,-0.568039098,50.84056369,2011,275000,36456,7.54
South East,E06000042,Milton Keynes,-0.742537073,50.93730724,2011,177000,28299,6.25
South East,E06000043,Brighton and Hove,-0.182070165,51.12556003,2011,240000,28019,8.57
South East,E06000044,Portsmouth,-0.36700229,50.9934095,2011,149000,24299,6.13
South East,E06000045,Southampton,-0.127444733,51.02046572,2011,161250,23743,6.79
South East,E06000046,Isle of Wight,-0.396273284,50.82872755,2011,170000,23886,7.12
South East,E06000060,Buckinghamshire,-2.016741484,52.36216772,2011,270000,33045,8.17
South East,E07000061,Eastbourne,-2.346178432,52.18309464,2011,175000,23496,7.45
South East,E07000062,Hastings,-1.951203011,52.28226014,2011,148000,22410,6.6
South East,E07000063,Lewes,-2.210907183,52.1962851,2011,230000,27967,8.22
South East,E07000064,Rother,-2.051236204,52.16495473,2011,215000,25416,8.46
South East,E07000065,Wealden,-2.275643567,52.37964859,2011,234000,29494,7.93
South East,E07000084,Basingstoke and Deane,-0.342835545,51.77235326,2011,210000,29598,7.1
South East,E07000085,East Hampshire,-0.194360481,51.76773796,2011,265000,30191,8.78
South East,E07000086,Eastleigh,-0.00870922,51.86504088,2011,199995,27664,7.23
South East,E07000087,Fareham,-0.190778925,51.90532164,2011,202500,28659,7.07
South East,E07000088,Gosport,1.462236463,52.23722196,2011,140825,23600,5.97
South East,E07000089,Hart,0.621904761,52.27783559,2011,285000,37662,7.57
South East,E07000090,Havant,-3.362799711,51.08681537,2011,185000,25388,7.29
South East,E07000091,New Forest,-2.466855489,53.5785946,2011,245000,27586,8.88
South East,E07000092,Rushmoor,-2.312187462,53.5876146,2011,202000,27120,7.45
South East,E07000093,Test Valley,-2.232642064,53.45090617,2011,237500,26554,8.94
South East,E07000094,Winchester,-2.051716708,53.55197818,2011,298000,33826,8.81
South East,E07000105,Ashford,-2.157977236,53.61640542,2011,180000,26388,6.82
South East,E07000106,Canterbury,-2.370645819,53.48955544,2011,200000,30129,6.64
South East,E07000107,Dartford,-2.128115394,53.39381984,2011,185000,30050,6.16
South East,E07000108,Dover,-2.062595076,53.4778151,2011,155000,26347,5.88
South East,E07000109,Gravesham,-2.354567889,53.41944272,2011,179498,29774,6.03
South East,E07000110,Maidstone,-2.589304302,53.52438255,2011,198000,29744,6.66
South East,E07000111,Sevenoaks,-2.833810968,53.42577631,2011,284000,32694,8.69
South East,E07000112,Folkestone and Hythe,-2.916827009,53.39563214,2011,175000,25958,6.74
South East,E07000113,Swale,-2.722573442,53.45947892,2011,155000,29144,5.32
South East,E07000114,Thanet,-3.015411693,53.56598673,2011,153000,22016,6.95
South East,E07000115,Tonbridge and Malling,-3.092490981,53.36832384,2011,240000,32579,7.37
South East,E07000116,Tunbridge Wells,-1.532427925,53.53591856,2011,240000,33225,7.22
South East,E07000177,Cherwell,-1.095316654,53.54441256,2011,210000,27901,7.53
South East,E07000178,Oxford,-1.286167732,53.40895027,2011,257000,27900,9.21
South East,E07000179,South Oxfordshire,-1.550165536,53.40416175,2011,270000,32042,8.43
South East,E07000180,Vale of White Horse,-1.65780706,55.00783594,2011,244000,30955,7.88
South East,E07000181,West Oxfordshire,-1.517595021,55.02809923,2011,234500,29266,8.01
South East,E07000207,Elmbridge,-1.443736794,54.96345859,2011,385000,39942,9.64
South East,E07000208,Epsom and Ewell,-1.452232617,54.8805122,2011,318750,37866,8.42
South East,E07000209,Guildford,-1.874388371,52.4885375,2011,299950,33586,8.93
South East,E07000210,Mole Valley,-1.520150359,52.41735056,2011,350000,32138,10.89
South East,E07000211,Reigate and Banstead,-2.108118761,52.48313905,2011,275000,34751,7.91
South East,E07000212,Runnymede,-2.008505062,52.51582047,2011,269975,31927,8.46
South East,E07000213,Spelthorne,-1.727800153,52.41279379,2011,249950,33381,7.49
South East,E07000214,Surrey Heath,-1.966464676,52.59915138,2011,273000,33232,8.21
South East,E07000215,Tandridge,-2.120607317,52.58899967,2011,300000,28636,10.48
South East,E07000216,Waverley,-1.854799841,53.84480387,2011,329950,34172,9.66
South East,E07000217,Woking,-1.973799757,53.72119003,2011,250000,29831,8.38
South East,E07000223,Adur,-1.763291967,53.62742237,2011,205000,21328,9.61
South East,E07000224,Arun,-1.50588865,53.8255701,2011,203000,22802,8.9
South East,E07000225,Chichester,-1.411514615,53.66071437,2011,266000,27990,9.5
South East,E07000226,Crawley,-1.683691689,54.93541833,2011,181725,26447,6.87
South East,E07000227,Horsham,-0.09139891,51.51387518,2011,258750,32408,7.98
South East,E07000228,Mid Sussex,0.133734378,51.54382086,2011,250000,29882,8.37
South East,E07000229,Worthing,-0.209097776,51.61599733,2011,195000,26332,7.41
South West,E06000022,Bath and North East Somerset,0.142777628,51.46092515,2011,230000,25937,8.87
South West,E06000023,"Bristol, City of",-0.267642915,51.55940618,2011,171000,25235,6.78
South West,E06000024,North Somerset,0.051075423,51.37209202,2011,185000,28700,6.45
South West,E06000025,South Gloucestershire,-0.15650519,51.54561306,2011,180000,26709,6.74
South West,E06000026,Plymouth,-0.08701249,51.35543964,2011,142000,23673,6
South West,E06000027,Torbay,-0.330330305,51.52234244,2011,160000,22055,7.25
South West,E06000030,Swindon,-0.087449771,51.65109953,2011,150000,26869,5.58
South West,E06000052,Cornwall,0.055474556,51.47432114,2011,187000,21752,8.6
South West,E06000053,Isles of Scilly,-0.063716753,51.55221341,2011,345000,:,:
South West,E06000054,Wiltshire,-0.221958108,51.49561249,2011,203000,26622,7.63
South West,E06000058,"Bournemouth, Christchurch and Poole",-0.107074718,51.59012717,2011,209000,25563,8.18
South West,E06000059,Dorset,-0.342398985,51.59821634,2011,225000,24252,9.28
South West,E07000040,East Devon,0.22076512,51.56309348,2011,223750,23097,9.69
South West,E07000041,Exeter,-0.445468857,51.54091423,2011,185000,23006,8.04
South West,E07000042,Mid Devon,-0.366019011,51.46859919,2011,182500,22095,8.26
South West,E07000043,North Devon,-0.110016873,51.54867902,2011,186000,20572,9.04
South West,E07000044,South Hams,-0.191895721,51.50057945,2011,242500,25245,9.61
South West,E07000045,Teignbridge,-0.286456134,51.38690897,2011,195000,22890,8.52
South West,E07000046,Torridge,-0.118775801,51.45429456,2011,180000,20670,8.71
South West,E07000047,West Devon,-0.020137242,51.44870508,2011,187975,23149,8.12
South West,E07000078,Cheltenham,-0.195734244,51.41025584,2011,195000,27020,7.22
South West,E07000079,Cotswold,0.037871856,51.52687365,2011,265000,24393,10.86
South West,E07000080,Forest of Dean,0.075865582,51.58511859,2011,171998,26241,6.55
South West,E07000081,Gloucester,-0.312616093,51.44260645,2011,138725,23011,6.03
South West,E07000082,Stroud,-0.074478372,51.47383789,2011,190000,26351,7.21
South West,E07000083,Tewkesbury,-0.177749907,51.361997,2011,186300,28901,6.45
South West,E07000187,Mendip,-0.034247986,51.51600279,2011,180000,26090,6.9
South West,E07000188,Sedgemoor,-0.01310028,51.59377006,2011,162973,21933,7.43
South West,E07000189,South Somerset,-0.187237692,51.45227037,2011,175000,23890,7.33
South West,E07000246,Somerset West and Taunton,-0.160511287,51.51353663,2011,180000,24292,7.41
Wales,W06000001,Isle of Anglesey,-4.37472181,53.28617979,2011,143250,21079,6.8
Wales,W06000002,Gwynedd,-4.024941446,52.89502809,2011,134500,22262,6.04
Wales,W06000003,Conwy,-3.735824836,53.14080306,2011,145000,22824,6.35
Wales,W06000004,Denbighshire,-3.354402384,53.09174947,2011,125000,22676,5.51
Wales,W06000005,Flintshire,-3.163560806,53.21825045,2011,136000,24385,5.58
Wales,W06000006,Wrexham,-3.017385479,52.99025997,2011,128750,22385,5.75
Wales,W06000008,Ceredigion,-4.072462565,52.2560194,2011,170000,21951,7.74
Wales,W06000009,Pembrokeshire,-4.886152911,51.85369052,2011,153374,23671,6.48
Wales,W06000010,Carmarthenshire,-4.163230903,51.89922016,2011,125000,22507,5.55
Wales,W06000011,Swansea,-4.061362498,51.64144135,2011,127000,25214,5.04
Wales,W06000012,Neath Port Talbot,-3.743376404,51.68003448,2011,98000,22732,4.31
Wales,W06000013,Bridgend,-3.600279809,51.55604066,2011,123000,23691,5.19
Wales,W06000014,Vale of Glamorgan,-3.39990784,51.44488173,2011,165000,26900,6.13
Wales,W06000015,Cardiff,-3.200572838,51.50867207,2011,155000,25183,6.15
Wales,W06000016,Rhondda Cynon Taf,-3.436233101,51.65110363,2011,89500,23233,3.85
Wales,W06000018,Caerphilly,-3.204795023,51.65314831,2011,108400,22810,4.75
Wales,W06000019,Blaenau Gwent,-3.194049323,51.76642193,2011,71500,19627,3.64
Wales,W06000020,Torfaen,-3.053352197,51.69905727,2011,118000,23715,4.98
Wales,W06000021,Monmouthshire,-2.867501903,51.75787214,2011,189975,28539,6.66
Wales,W06000022,Newport,-2.961684834,51.573778,2011,124950,23615,5.29
Wales,W06000023,Powys,-3.409923737,52.32562857,2011,154998,22937,6.76
Wales,W06000024,Merthyr Tydfil,-3.3606662,51.74007652,2011,85000,21450,3.96
North East,E06000001,Hartlepool,-1.255491673,54.6687524,2021,135000,27714,4.87
North East,E06000002,Middlesbrough,-1.222803326,54.54263426,2021,139500,26337,5.3
North East,E06000003,Redcar and Cleveland,-1.0215477,54.55345675,2021,145000,24811,5.84
North East,E06000004,Stockton-on-Tees,-1.32897817,54.56246316,2021,160000,28434,5.63
North East,E06000005,Darlington,-1.552697772,54.54875917,2021,158500,30435,5.21
North East,E06000047,County Durham,-2.720016309,53.34379321,2021,130000,28137,4.62
North East,E06000057,Northumberland,-2.562849436,53.39848758,2021,190000,29061,6.54
North East,E08000021,Newcastle upon Tyne,-2.467125659,53.69224143,2021,186000,30297,6.14
North East,E08000022,North Tyneside,-3.035480896,53.81754916,2021,185000,29027,6.37
North East,E08000023,South Tyneside,-0.336393722,53.76014155,2021,150000,27445,5.47
North East,E08000024,Sunderland,-0.482243608,53.86796645,2021,140000,24948,5.61
North East,E08000037,Gateshead,-0.133932131,53.54403874,2021,150000,26996,5.56
North West,E06000006,Halton,-0.592051957,53.59430536,2021,162000,28810,5.62
North West,E06000007,Warrington,-1.060622908,53.95864242,2021,230000,31428,7.32
North West,E06000008,Blackburn with Darwen,-1.468345352,52.91277199,2021,140000,25907,5.4
North West,E06000009,Blackpool,-1.127552546,52.63828214,2021,125000,22666,5.51
North West,E06000049,Cheshire East,-0.654131628,52.66070059,2021,268000,31568,8.49
North West,E06000050,Cheshire West and Chester,-1.175936864,52.96117684,2021,236000,32461,7.27
North West,E07000026,Allerdale,-2.745674847,52.10375789,2021,175000,35391,4.94
North West,E07000027,Barrow-in-Furness,-2.488480286,52.73019552,2021,144000,34546,4.17
North West,E07000028,Carlisle,-2.165178307,53.01764815,2021,160000,26525,6.03
North West,E07000029,Copeland,-2.474413176,51.35610688,2021,140000,43509,3.22
North West,E07000030,Eden,-2.77019708,51.45262518,2021,230000,31677,7.26
North West,E07000031,South Lakeland,-2.799962352,51.38924102,2021,268000,30303,8.84
North West,E07000117,Burnley,-2.471175154,51.54735612,2021,117500,27115,4.33
North West,E07000118,Chorley,-4.120169786,50.39116289,2021,195000,33954,5.74
North West,E07000119,Fylde,-3.530450608,50.44080631,2021,222500,30518,7.29
North West,E07000120,Hyndburn,-1.744335675,51.57133752,2021,117500,26891,4.37
North West,E07000121,Lancaster,-0.253777754,52.60847253,2021,180000,30971,5.81
North West,E07000122,Pendle,-0.424494227,51.89426164,2021,135000,23352,5.78
North West,E07000123,Preston,0.728995239,51.53762932,2021,167000,27443,6.09
North West,E07000124,Ribble Valley,0.374103739,51.50602384,2021,252000,33134,7.61
North West,E07000125,Rossendale,0.570017714,51.42566667,2021,170000,29009,5.86
North West,E07000126,South Ribble,-0.739927541,51.40780192,2021,186000,28260,6.58
North West,E07000127,West Lancashire,-1.304854635,51.44968897,2021,217500,28422,7.65
North West,E07000128,Wyre,-0.984755179,51.4532474,2021,181000,29348,6.17
North West,E08000001,Bolton,-0.586813114,51.50816196,2021,163000,27020,6.03
North West,E08000002,Bury,-0.698992594,51.48508413,2021,212000,31228,6.79
North West,E08000003,Manchester,-0.884141546,51.42928171,2021,220000,27500,8
North West,E08000004,Oldham,-0.733464556,52.08427496,2021,170000,27596,6.16
North West,E08000005,Rochdale,-0.132123613,50.84329958,2021,170000,25634,6.63
North West,E08000006,Salford,-1.078468108,50.82068758,2021,205000,27976,7.33
North West,E08000007,Stockport,-1.398613707,50.91698354,2021,275000,30470,9.03
North West,E08000008,Tameside,-1.296861898,50.67568106,2021,175000,27682,6.32
North West,E08000009,Trafford,-1.839064804,54.69541122,2021,320000,34906,9.17
North West,E08000010,Wigan,-2.349049597,53.18059798,2021,163000,30904,5.27
North West,E08000011,Knowsley,-2.736159909,53.20014942,2021,165000,29710,5.55
North West,E08000012,Liverpool,-2.734085762,52.63579668,2021,157000,30059,5.22
North West,E08000013,St. Helens,-4.825169974,50.40558138,2021,157500,29372,5.36
North West,E08000014,Sefton,-6.298785649,49.92068351,2021,200000,30309,6.6
North West,E08000015,Wirral,-1.945053494,51.2973379,2021,195000,29503,6.61
Yorkshire and The Humber,E06000010,"Kingston upon Hull, City of",-0.476597843,52.18934847,2021,127000,26248,4.84
Yorkshire and The Humber,E06000011,East Riding of Yorkshire,-0.436279775,52.00665229,2021,210000,30342,6.92
Yorkshire and The Humber,E06000012,North East Lincolnshire,-2.065310563,55.24272759,2021,150000,28056,5.35
Yorkshire and The Humber,E06000013,North Lincolnshire,-1.882878934,50.74671957,2021,163000,29352,5.55
Yorkshire and The Humber,E06000014,York,-2.333598515,50.80597544,2021,275000,31007,8.87
Yorkshire and The Humber,E07000163,Craven,-0.812083184,51.78521255,2021,245000,26839,9.13
Yorkshire and The Humber,E07000164,Hambleton,-0.626317019,52.42512438,2021,269975,28486,9.48
Yorkshire and The Humber,E07000165,Harrogate,-1.036377869,52.22299295,2021,323000,32846,9.83
Yorkshire and The Humber,E07000166,Richmondshire,0.131519818,52.19878641,2021,248000,26827,9.24
Yorkshire and The Humber,E07000167,Ryedale,0.295246863,52.34288539,2021,250000,26059,9.59
Yorkshire and The Humber,E07000168,Scarborough,0.061111401,52.56272235,2021,185000,28195,6.56
Yorkshire and The Humber,E07000169,Selby,-0.220643903,52.37391109,2021,228050,33010,6.91
Yorkshire and The Humber,E08000016,Barnsley,0.083682833,52.17420306,2021,149995,27743,5.41
Yorkshire and The Humber,E08000017,Doncaster,-3.246882232,54.71139034,2021,153625,28733,5.35
Yorkshire and The Humber,E08000018,Rotherham,-3.21295987,54.12567821,2021,165000,26601,6.2
Yorkshire and The Humber,E08000019,Sheffield,-2.808328857,54.97104294,2021,183000,30557,5.99
Yorkshire and The Humber,E08000032,Bradford,-3.374034442,54.41419188,2021,156000,28431,5.49
Yorkshire and The Humber,E08000033,Calderdale,-2.621887446,54.61288528,2021,165000,27682,5.96
Yorkshire and The Humber,E08000034,Kirklees,-2.850761571,54.29246643,2021,180000,27832,6.47
Yorkshire and The Humber,E08000035,Leeds,-1.466961273,53.02952476,2021,220000,30800,7.14
Yorkshire and The Humber,E08000036,Wakefield,-1.277171438,53.21522248,2021,179000,27984,6.4
East Midlands,E06000015,Derby,-1.401065008,53.25538362,2021,185000,30715,6.02
East Midlands,E06000016,Leicester,-1.694306732,53.12866005,2021,210000,25266,8.31
East Midlands,E06000017,Rutland,-1.347167505,52.93521496,2021,315000,32620,9.66
East Midlands,E06000018,Nottingham,-1.873781106,53.37334676,2021,165000,25050,6.59
East Midlands,E07000032,Amber Valley,-1.447689952,53.22607587,2021,209950,31389,6.69
East Midlands,E07000033,Bolsover,-1.559800243,52.83078401,2021,159000,26409,6.02
East Midlands,E07000034,Chesterfield,-3.223581574,50.76412007,2021,182000,26705,6.82
East Midlands,E07000035,Derbyshire Dales,-3.510156903,50.72184259,2021,290000,28284,10.25
East Midlands,E07000036,Erewash,-3.556215665,50.87581723,2021,185000,29980,6.17
East Midlands,E07000037,High Peak,-3.914595449,51.06972399,2021,221748,28680,7.73
East Midlands,E07000038,North East Derbyshire,-3.823395708,50.37345689,2021,220000,29309,7.51
East Midlands,E07000039,South Derbyshire,-3.656907725,50.6063386,2021,230000,32746,7.02
East Midlands,E07000129,Blaby,-4.248486013,50.88591211,2021,250000,29036,8.61
East Midlands,E07000130,Charnwood,-4.045973588,50.65587486,2021,248748,28691,8.67
East Midlands,E07000131,Harborough,0.26546236,50.77531616,2021,324995,36307,8.95
East Midlands,E07000132,Hinckley and Bosworth,0.570346392,50.8694871,2021,235000,30754,7.64
East Midlands,E07000133,Melton,0.005264897,50.88150528,2021,265000,24128,10.98
East Midlands,E07000134,North West Leicestershire,0.538581664,50.95178525,2021,247345,31354,7.89
East Midlands,E07000135,Oadby and Wigston,0.197874462,50.96758569,2021,257000,26417,9.73
East Midlands,E07000136,Boston,0.465679283,51.59033466,2021,185000,24591,7.52
East Midlands,E07000137,East Lindsey,0.590114655,51.942004,2021,198000,26015,7.61
East Midlands,E07000138,Lincoln,0.310749909,51.63854708,2021,172500,25604,6.74
East Midlands,E07000139,North Kesteven,0.593693535,51.53628576,2021,228000,31219,7.3
East Midlands,E07000140,South Holland,0.480997185,51.72544859,2021,217500,30476,7.14
East Midlands,E07000141,South Kesteven,0.86138368,51.87261073,2021,245000,28911,8.47
East Midlands,E07000142,West Lindsey,0.14822602,51.70876461,2021,220000,31131,7.07
East Midlands,E06000061,North Northamptonshire,0.108905467,51.76897982,2021,235000,29575,7.95
East Midlands,E06000062,West Northamptonshire,0.783836065,51.70919684,2021,275000,30395,9.05
East Midlands,E07000170,Ashfield,0.810140477,51.59115862,2021,170000,27359,6.21
East Midlands,E07000171,Bassetlaw,1.115496807,51.87126931,2021,190000,26282,7.23
East Midlands,E07000172,Broxtowe,0.279512164,51.93486071,2021,218475,32375,6.75
East Midlands,E07000173,Gedling,-2.072887206,51.89628748,2021,217000,30321,7.16
East Midlands,E07000174,Mansfield,-1.892465444,51.81643589,2021,165000,26441,6.24
East Midlands,E07000175,Newark and Sherwood,-2.489829872,51.82865316,2021,222500,30811,7.22
East Midlands,E07000176,Rushcliffe,-2.240448274,51.84987819,2021,305000,34474,8.85
West Midlands,E06000019,"Herefordshire, County of",-2.300134096,51.72963652,2021,275000,29243,9.4
West Midlands,E06000020,Telford and Wrekin,-2.088020906,51.94558768,2021,207950,28169,7.38
West Midlands,E06000021,Stoke-on-Trent,-1.201244159,51.27348604,2021,135000,26487,5.1
West Midlands,E06000051,Shropshire,-0.95483852,51.0744378,2021,255500,29517,8.66
West Midlands,E07000192,Cannock Chase,-1.327904779,50.93309664,2021,197500,29368,6.73
West Midlands,E07000193,East Staffordshire,-1.226221305,50.8524203,2021,218000,28054,7.77
West Midlands,E07000194,Lichfield,-1.158812768,50.80548305,2021,276975,35042,7.9
West Midlands,E07000195,Newcastle-under-Lyme,-0.897883065,51.28474992,2021,169995,29584,5.75
West Midlands,E07000196,South Staffordshire,-0.989837407,50.83874512,2021,265000,32949,8.04
West Midlands,E07000197,Stafford,-1.625525482,50.85859358,2021,230000,31346,7.34
West Midlands,E07000198,Staffordshire Moorlands,-0.767550882,51.27424876,2021,200000,31295,6.39
West Midlands,E07000199,Tamworth,-1.511029682,51.1284833,2021,225000,27523,8.17
West Midlands,E07000218,North Warwickshire,-1.221369927,51.02823248,2021,250000,31145,8.03
West Midlands,E07000219,Nuneaton and Bedworth,-0.048278215,51.72431754,2021,209973,28853,7.28
West Midlands,E07000220,Rugby,-0.540983785,51.77833683,2021,268100,33386,8.03
West Midlands,E07000221,Stratford-on-Avon,-0.280656855,51.67740519,2021,350000,34610,10.11
West Midlands,E07000222,Warwick,-0.192412242,51.95931788,2021,335000,36238,9.24
West Midlands,E07000234,Bromsgrove,-0.460778533,51.66126119,2021,320000,34593,9.25
West Midlands,E07000235,Malvern Hills,-0.402759346,51.66808894,2021,317000,31566,10.04
West Midlands,E07000236,Redditch,0.81191686,51.12520995,2021,239250,25723,9.3
West Midlands,E07000237,Worcester,1.101422554,51.28328431,2021,230000,29987,7.67
West Midlands,E07000238,Wychavon,0.2540746,51.43142598,2021,305000,28219,10.81
West Midlands,E07000239,Wyre Forest,1.289170214,51.21240819,2021,220000,28700,7.67
West Midlands,E08000025,Birmingham,0.396045524,51.40558903,2021,210000,28884,7.27
West Midlands,E08000026,Coventry,0.580573702,51.23479262,2021,202500,30663,6.6
West Midlands,E08000027,Dudley,0.171701145,51.27599765,2021,200000,29298,6.83
West Midlands,E08000028,Sandwell,0.995724342,51.054408,2021,174000,26615,6.54
West Midlands,E08000029,Solihull,0.812481002,51.34171891,2021,325000,35515,9.15
West Midlands,E08000030,Walsall,1.340396403,51.35426394,2021,187000,28444,6.57
West Midlands,E08000031,Wolverhampton,0.357090525,51.27296673,2021,178000,27993,6.36
East of England,E06000031,Peterborough,0.430918392,51.11408369,2021,222000,28644,7.75
East of England,E06000032,Luton,-2.221402157,53.77886155,2021,272000,28893,9.41
East of England,E06000033,Southend-on-Sea,-2.648161855,53.66120381,2021,323500,35646,9.08
East of England,E06000034,Thurrock,-2.922332455,53.784236,2021,320000,35077,9.12
East of England,E06000055,Bedford,-2.389563336,53.75887795,2021,305000,31039,9.83
East of England,E06000056,Central Bedfordshire,-2.714570992,54.06913539,2021,340000,35000,9.71
East of England,E07000008,Cambridge,-2.185645787,53.86547477,2021,450000,36868,12.21
East of England,E07000009,East Cambridgeshire,-2.697257226,53.81153827,2021,325000,32454,10.01
East of England,E07000010,Fenland,-2.445112004,53.90724193,2021,215000,27148,7.92
East of England,E07000011,Huntingdonshire,-2.266892572,53.69404607,2021,300000,30521,9.83
East of England,E07000012,South Cambridgeshire,-2.710691477,53.72807753,2021,396995,39441,10.07
East of England,E07000066,Basildon,-2.882483652,53.6095753,2021,340000,32749,10.38
East of England,E07000067,Braintree,-2.853666495,53.90293103,2021,315000,31900,9.87
East of England,E07000068,Brentwood,-1.221576853,52.57168276,2021,475000,34719,13.68
East of England,E07000069,Castle Point,-1.14633676,52.73704582,2021,335000,32392,10.34
East of England,E07000070,Chelmsford,-1.007699842,52.53951562,2021,380000,37221,10.21
East of England,E07000071,Colchester,-1.390600303,52.61663473,2021,305000,30974,9.85
East of England,E07000072,Epping Forest,-0.855997158,52.79672433,2021,500000,36543,13.68
East of England,E07000073,Harlow,-1.405140341,52.753195,2021,315000,28139,11.19
East of England,E07000074,Maldon,-1.093311627,52.58698967,2021,360000,35261,10.21
East of England,E07000075,Rochford,-0.0217859,52.97429147,2021,367500,38791,9.47
East of England,E07000076,Tendring,0.029920432,53.24995025,2021,265000,30053,8.82
East of England,E07000077,Uttlesford,-0.554931188,53.22472406,2021,440000,36096,12.19
East of England,E07000095,Broxbourne,-0.445942716,53.08121531,2021,395000,34609,11.41
East of England,E07000096,Dacorum,-0.031965865,52.79785002,2021,425000,33962,12.51
East of England,E07000098,Hertsmere,-0.51836719,52.8547449,2021,530000,35325,15
East of England,E07000099,North Hertfordshire,-0.477428025,53.39286308,2021,397500,38413,10.35
East of England,E07000102,Three Rivers,0.836890107,52.58811364,2021,495000,33935,14.59
East of England,E07000103,Watford,1.309592347,52.70135623,2021,395000,31108,12.7
East of England,E07000143,Breckland,1.661431393,52.64083725,2021,251983,26941,9.35
East of England,E07000144,Broadland,0.47064174,52.7271544,2021,275000,29171,9.43
East of England,E07000145,Great Yarmouth,1.169508909,52.85044968,2021,208000,27294,7.62
East of England,E07000146,King's Lynn and West Norfolk,1.279418606,52.6322924,2021,255000,28124,9.07
East of England,E07000147,North Norfolk,1.275850453,52.51448675,2021,295000,28011,10.53
East of England,E07000148,Norwich,-2.174315011,54.07988758,2021,218000,29175,7.47
East of England,E07000149,South Norfolk,-1.319320546,54.28734471,2021,283500,31492,9
East of England,E07000200,Babergh,-1.595746175,54.06710448,2021,320000,30000,10.67
East of England,E07000202,Ipswich,-1.934005521,54.36151461,2021,225000,28244,7.97
East of England,E07000203,Mid Suffolk,-0.85166028,54.21044451,2021,300000,30000,10
East of England,E07000240,St Albans,-0.635270931,54.36642403,2021,580000,45451,12.76
East of England,E07000241,Welwyn Hatfield,-1.135296661,53.7874786,2021,415000,31918,13
East of England,E07000242,East Hertfordshire,-1.258340202,53.09175983,2021,430000,38996,11.03
East of England,E07000243,Stevenage,-0.958783563,53.33290258,2021,305000,27475,11.1
East of England,E07000244,East Suffolk,-1.26201293,52.97566594,2021,275000,28934,9.5
East of England,E07000245,West Suffolk,-1.11934704,53.02855422,2021,275000,29137,9.44
London,E09000001,City of London,-1.173739703,53.17095784,2021,756250,:,:
London,E09000002,Barking and Dagenham,-0.91989131,53.12402029,2021,335000,32668,10.25
London,E09000003,Barnet,-1.037443181,52.90065362,2021,572000,35719,16.01
London,E09000004,Bexley,-1.27610071,51.95856152,2021,390000,37074,10.52
London,E09000005,Brent,-1.241704101,51.75474979,2021,525000,34130,15.38
London,E09000006,Bromley,-1.071041234,51.63382565,2021,496000,41427,11.97
London,E09000007,Camden,-1.440861855,51.63425356,2021,765000,39994,19.13
London,E09000008,Croydon,-1.506881793,51.83767299,2021,415000,36309,11.43
London,E09000009,Ealing,-2.544350678,51.20284921,2021,520500,35028,14.86
London,E09000010,Enfield,-2.953262913,51.18488562,2021,460000,35816,12.84
London,E09000011,Greenwich,-2.709901213,50.98792153,2021,460000,35590,12.92
London,E09000012,Hackney,-1.980491882,52.71241859,2021,597688,36241,16.49
London,E09000013,Hammersmith and Fulham,-1.81201615,52.86308344,2021,775000,39559,19.59
London,E09000014,Haringey,-1.804757128,52.68787378,2021,550000,36518,15.06
London,E09000015,Harrow,-2.317909601,52.99374399,2021,530000,38712,13.69
London,E09000016,Havering,-2.176525036,52.62500287,2021,400000,35891,11.14
London,E09000017,Hillingdon,-2.176191074,52.84820474,2021,455000,35882,12.68
London,E09000018,Hounslow,-1.981587362,53.07915595,2021,455000,32548,13.98
London,E09000019,Islington,-1.676701947,52.6262752,2021,645000,43236,14.92
London,E09000020,Kensington and Chelsea,0.914959047,52.05074378,2021,1250000,50457,24.77
London,E09000021,Kingston upon Thames,1.159292255,52.05520695,2021,527000,40362,13.06
London,E09000022,Lambeth,1.092631373,52.24679544,2021,562000,40572,13.85
London,E09000023,Lewisham,-0.39198564,51.35716789,2021,470000,35316,13.31
London,E09000024,Merton,-0.261601077,51.33938795,2021,545000,34299,15.89
London,E09000025,Newham,-0.562222705,51.24797863,2021,435000,34920,12.46
London,E09000026,Redbridge,-0.32564805,51.2121891,2021,490000,36986,13.25
London,E09000027,Richmond upon Thames,-0.19181452,51.25334988,2021,700000,43570,16.07
London,E09000028,Southwark,-0.540821274,51.393303,2021,555000,38087,14.57
London,E09000029,Sutton,-0.467453203,51.42443395,2021,428000,36498,11.73
London,E09000030,Tower Hamlets,-0.671211347,51.3433395,2021,570000,40488,14.08
London,E09000031,Waltham Forest,-0.043495129,51.22696644,2021,497663,36181,13.75
London,E09000032,Wandsworth,-0.633469278,51.15013356,2021,645000,43590,14.8
London,E09000033,Westminster,-0.560499564,51.31452608,2021,868000,42062,20.64
South East,E06000035,Medway,-1.627622745,52.54712328,2021,280000,30154,9.29
South East,E06000036,Bracknell Forest,-1.475538461,52.50109525,2021,380000,36112,10.52
South East,E06000037,West Berkshire,-1.32820046,52.38445519,2021,380000,34076,11.15
South East,E06000038,Reading,-1.622627172,52.17861308,2021,320000,36417,8.79
South East,E06000039,Slough,-1.58320889,52.31016755,2021,350000,34399,10.17
South East,E06000040,Windsor and Maidenhead,-0.298974066,50.8437563,2021,510000,38730,13.17
South East,E06000041,Wokingham,-0.568039098,50.84056369,2021,450000,38927,11.56
South East,E06000042,Milton Keynes,-0.742537073,50.93730724,2021,323000,33967,9.51
South East,E06000043,Brighton and Hove,-0.182070165,51.12556003,2021,407500,32710,12.46
South East,E06000044,Portsmouth,-0.36700229,50.9934095,2021,237000,29215,8.11
South East,E06000045,Southampton,-0.127444733,51.02046572,2021,233000,30929,7.53
South East,E06000046,Isle of Wight,-0.396273284,50.82872755,2021,260000,27418,9.48
South East,E06000060,Buckinghamshire,-2.016741484,52.36216772,2021,435000,35302,12.32
South East,E07000061,Eastbourne,-2.346178432,52.18309464,2021,272500,28321,9.62
South East,E07000062,Hastings,-1.951203011,52.28226014,2021,270000,26656,10.13
South East,E07000063,Lewes,-2.210907183,52.1962851,2021,375000,34090,11
South East,E07000064,Rother,-2.051236204,52.16495473,2021,347000,29922,11.6
South East,E07000065,Wealden,-2.275643567,52.37964859,2021,370000,31024,11.93
South East,E07000084,Basingstoke and Deane,-0.342835545,51.77235326,2021,335000,36751,9.12
South East,E07000085,East Hampshire,-0.194360481,51.76773796,2021,410000,33828,12.12
South East,E07000086,Eastleigh,-0.00870922,51.86504088,2021,320000,34908,9.17
South East,E07000087,Fareham,-0.190778925,51.90532164,2021,320000,37110,8.62
South East,E07000088,Gosport,1.462236463,52.23722196,2021,230000,31425,7.32
South East,E07000089,Hart,0.621904761,52.27783559,2021,430000,40102,10.72
South East,E07000090,Havant,-3.362799711,51.08681537,2021,312500,28985,10.78
South East,E07000091,New Forest,-2.466855489,53.5785946,2021,380000,31942,11.9
South East,E07000092,Rushmoor,-2.312187462,53.5876146,2021,322750,35075,9.2
South East,E07000093,Test Valley,-2.232642064,53.45090617,2021,337000,33198,10.15
South East,E07000094,Winchester,-2.051716708,53.55197818,2021,465000,37029,12.56
South East,E07000105,Ashford,-2.157977236,53.61640542,2021,320000,29419,10.88
South East,E07000106,Canterbury,-2.370645819,53.48955544,2021,344498,30368,11.34
South East,E07000107,Dartford,-2.128115394,53.39381984,2021,335000,33413,10.03
South East,E07000108,Dover,-2.062595076,53.4778151,2021,280000,30223,9.26
South East,E07000109,Gravesham,-2.354567889,53.41944272,2021,330000,31197,10.58
South East,E07000110,Maidstone,-2.589304302,53.52438255,2021,348000,32000,10.88
South East,E07000111,Sevenoaks,-2.833810968,53.42577631,2021,440000,38457,11.44
South East,E07000112,Folkestone and Hythe,-2.916827009,53.39563214,2021,304750,31964,9.53
South East,E07000113,Swale,-2.722573442,53.45947892,2021,286000,31580,9.06
South East,E07000114,Thanet,-3.015411693,53.56598673,2021,285000,27885,10.22
South East,E07000115,Tonbridge and Malling,-3.092490981,53.36832384,2021,375000,36669,10.23
South East,E07000116,Tunbridge Wells,-1.532427925,53.53591856,2021,435000,35603,12.22
South East,E07000177,Cherwell,-1.095316654,53.54441256,2021,335000,34267,9.78
South East,E07000178,Oxford,-1.286167732,53.40895027,2021,435000,34909,12.46
South East,E07000179,South Oxfordshire,-1.550165536,53.40416175,2021,440000,36705,11.99
South East,E07000180,Vale of White Horse,-1.65780706,55.00783594,2021,375000,35447,10.58
South East,E07000181,West Oxfordshire,-1.517595021,55.02809923,2021,367200,31895,11.51
South East,E07000207,Elmbridge,-1.443736794,54.96345859,2021,625000,42190,14.81
South East,E07000208,Epsom and Ewell,-1.452232617,54.8805122,2021,518000,35287,14.68
South East,E07000209,Guildford,-1.874388371,52.4885375,2021,485000,40129,12.09
South East,E07000210,Mole Valley,-1.520150359,52.41735056,2021,555000,35677,15.56
South East,E07000211,Reigate and Banstead,-2.108118761,52.48313905,2021,458000,37680,12.15
South East,E07000212,Runnymede,-2.008505062,52.51582047,2021,440000,36611,12.02
South East,E07000213,Spelthorne,-1.727800153,52.41279379,2021,425000,38860,10.94
South East,E07000214,Surrey Heath,-1.966464676,52.59915138,2021,445000,42272,10.53
South East,E07000215,Tandridge,-2.120607317,52.58899967,2021,475000,37949,12.52
South East,E07000216,Waverley,-1.854799841,53.84480387,2021,525000,40699,12.9
South East,E07000217,Woking,-1.973799757,53.72119003,2021,440000,37265,11.81
South East,E07000223,Adur,-1.763291967,53.62742237,2021,350000,27685,12.64
South East,E07000224,Arun,-1.50588865,53.8255701,2021,325000,28778,11.29
South East,E07000225,Chichester,-1.411514615,53.66071437,2021,405000,30110,13.45
South East,E07000226,Crawley,-1.683691689,54.93541833,2021,310000,31360,9.89
South East,E07000227,Horsham,-0.09139891,51.51387518,2021,420000,34472,12.18
South East,E07000228,Mid Sussex,0.133734378,51.54382086,2021,410000,35038,11.7
South East,E07000229,Worthing,-0.209097776,51.61599733,2021,327556,30120,10.88
South West,E06000022,Bath and North East Somerset,0.142777628,51.46092515,2021,365750,30203,12.11
South West,E06000023,"Bristol, City of",-0.267642915,51.55940618,2021,312000,32257,9.67
South West,E06000024,North Somerset,0.051075423,51.37209202,2021,302000,29834,10.12
South West,E06000025,South Gloucestershire,-0.15650519,51.54561306,2021,302500,31518,9.6
South West,E06000026,Plymouth,-0.08701249,51.35543964,2021,195000,25896,7.53
South West,E06000027,Torbay,-0.330330305,51.52234244,2021,232000,26392,8.79
South West,E06000030,Swindon,-0.087449771,51.65109953,2021,245000,30595,8.01
South West,E06000052,Cornwall,0.055474556,51.47432114,2021,275000,25595,10.74
South West,E06000053,Isles of Scilly,-0.063716753,51.55221341,2021,450000,:,:
South West,E06000054,Wiltshire,-0.221958108,51.49561249,2021,300000,30513,9.83
South West,E06000058,"Bournemouth, Christchurch and Poole",-0.107074718,51.59012717,2021,320000,28674,11.16
South West,E06000059,Dorset,-0.342398985,51.59821634,2021,330000,30086,10.97
South West,E07000040,East Devon,0.22076512,51.56309348,2021,310000,29302,10.58
South West,E07000041,Exeter,-0.445468857,51.54091423,2021,277500,30183,9.19
South West,E07000042,Mid Devon,-0.366019011,51.46859919,2021,274950,28457,9.66
South West,E07000043,North Devon,-0.110016873,51.54867902,2021,280000,26118,10.72
South West,E07000044,South Hams,-0.191895721,51.50057945,2021,350000,31339,11.17
South West,E07000045,Teignbridge,-0.286456134,51.38690897,2021,280000,27384,10.22
South West,E07000046,Torridge,-0.118775801,51.45429456,2021,265000,26948,9.83
South West,E07000047,West Devon,-0.020137242,51.44870508,2021,290000,25756,11.26
South West,E07000078,Cheltenham,-0.195734244,51.41025584,2021,310000,34095,9.09
South West,E07000079,Cotswold,0.037871856,51.52687365,2021,410051,30927,13.26
South West,E07000080,Forest of Dean,0.075865582,51.58511859,2021,272998,29472,9.26
South West,E07000081,Gloucester,-0.312616093,51.44260645,2021,225000,27512,8.18
South West,E07000082,Stroud,-0.074478372,51.47383789,2021,310250,30158,10.29
South West,E07000083,Tewkesbury,-0.177749907,51.361997,2021,300000,32594,9.2
South West,E07000187,Mendip,-0.034247986,51.51600279,2021,295000,28469,10.36
South West,E07000188,Sedgemoor,-0.01310028,51.59377006,2021,245000,27716,8.84
South West,E07000189,South Somerset,-0.187237692,51.45227037,2021,260000,30143,8.63
South West,E07000246,Somerset West and Taunton,-0.160511287,51.51353663,2021,264000,28578,9.24
Wales,W06000001,Isle of Anglesey,-4.37472181,53.28617979,2021,203750,28750,7.09
Wales,W06000002,Gwynedd,-4.024941446,52.89502809,2021,176000,24752,7.11
Wales,W06000003,Conwy,-3.735824836,53.14080306,2021,195000,28624,6.81
Wales,W06000004,Denbighshire,-3.354402384,53.09174947,2021,180000,26780,6.72
Wales,W06000005,Flintshire,-3.163560806,53.21825045,2021,185000,30038,6.16
Wales,W06000006,Wrexham,-3.017385479,52.99025997,2021,172000,27797,6.19
Wales,W06000008,Ceredigion,-4.072462565,52.2560194,2021,215000,27919,7.7
Wales,W06000009,Pembrokeshire,-4.886152911,51.85369052,2021,195200,29562,6.6
Wales,W06000010,Carmarthenshire,-4.163230903,51.89922016,2021,167998,29795,5.64
Wales,W06000011,Swansea,-4.061362498,51.64144135,2021,174500,28840,6.05
Wales,W06000012,Neath Port Talbot,-3.743376404,51.68003448,2021,135000,30620,4.41
Wales,W06000013,Bridgend,-3.600279809,51.55604066,2021,177000,29673,5.97
Wales,W06000014,Vale of Glamorgan,-3.39990784,51.44488173,2021,255000,29618,8.61
Wales,W06000015,Cardiff,-3.200572838,51.50867207,2021,240500,29277,8.21
Wales,W06000016,Rhondda Cynon Taf,-3.436233101,51.65110363,2021,134950,27805,4.85
Wales,W06000018,Caerphilly,-3.204795023,51.65314831,2021,155000,29273,5.29
Wales,W06000019,Blaenau Gwent,-3.194049323,51.76642193,2021,108500,27756,3.91
Wales,W06000020,Torfaen,-3.053352197,51.69905727,2021,170000,26550,6.4
Wales,W06000021,Monmouthshire,-2.867501903,51.75787214,2021,291498,34075,8.55
Wales,W06000022,Newport,-2.961684834,51.573778,2021,203000,28924,7.02
Wales,W06000023,Powys,-3.409923737,52.32562857,2021,215000,27368,7.86
Wales,W06000024,Merthyr Tydfil,-3.3606662,51.74007652,2021,124250,27163,4.57
